"year","Lc","Lmean","Lsq","L95","Lfm","Lopt","Linf","L50","ratio_F_Fmsy"
2019,23.625,27.1254310597155,25.8042278645121,30.5684779325207,27.71875,26.6666666666667,40,20.5,0.978595032594019
