"year","Lc","Lmean","Lsq","L95","Lfm","Lopt","Linf","L50","ratio_F_Fmsy"
2019,33.1882889172759,36.1415870971456,35.6055107984033,37.8817553551935,34.8912166879569,26.6666666666667,40,20.5,0.965403555581891
