"year","Lc","Lmean","Lsq","L95","Lfm","Lopt","Linf","L50","ratio_F_Fmsy"
2019,18.9734699169348,23.6282325077616,22.7233434269726,28.6538179848428,24.2301024377011,26.6666666666667,40,20.5,1.02547249057845
