"year","Lc","Lmean","Lsq","L95","Lfm","Lopt","Linf","L50","ratio_F_Fmsy"
2016,19.6548060016833,22.8155788976985,22.5368822415918,26.5256764049033,24.7411045012624,26.6666666666667,40,20.5,1.08439521136841
