year;Lc;Lmean;Lsq;L95;Lfm;Lopt;Linf;L50;ratio_F_Fmsy
2020;20.0277564;23.20394128;22.66286066;25.97412742;25.0208173;26.66666667;40;20.5;1.07830032
